name,lat,long
нтЛ снт¤,35.6892,51.389
нтЛ ╩тЛКС,36.2605,59.6168
нтЛ ў?н,26.5325,53.9868
нтЛ КНПтКС,32.6546,51.668
нтЛ н?ЛКм,29.5918,52.5837
нтЛ янс,26.8119,55.8913
нтЛ МКЛ?,36.5659,53.0586
нтЛ ╩СўК╚С,36.8155,50.8716
нтЛ КЛ¤╚?р,38.2537,48.3
нтЛ ╩╚Л?м,38.0962,46.2738
нтЛ КЛТс?т,37.5498,45.0786
нтЛ ЇКрТМ,36.6459,51.407
нтЛ ?м¤,31.8974,54.3569
нтЛ ╚С¤Л┌╚КМ,27.1832,56.2666
нтЛ яс,34.6399,50.8759
нтЛ љЛљКС,36.8456,54.4393
нтЛ ЇК╚тКЛ,25.2969,60.6459
нтЛ Лн╩,37.2682,49.5891
нтЛ ўЛсКС,30.2839,57.0834
нтЛ ╠┌ПЛ?т,34.7748,50.5161
нтЛ ўтў,34.3923,50.8638
нтЛ Л╚п,36.20815,45.548314
нтЛ МрПЇљКС,34.4767,50.4554
нтЛ ¤М╩╠Л¤,35.335,50.5364
нтЛ ╚КСт,35.9986,45.8823
нтЛ ўКс?КЛКС,34.7956,46.9368
нтЛ ¤тљрКС§,35.2798,47.4221
нтЛ сЛ?ТКС,35.5211,46.1757
нтЛ КТЛКсКС ╩╬╩,35.2523,46.2612
нтЛ яЛТт§,35.1679,47.8038
нтЛ ?КМТўС¤,36.2825,47.7465
нтЛ Мям,36.2389,46.278
нтЛ ╚?╠КЛ,35.8736,47.5988
нтЛ МСС¤╠,35.3219,46.9862
нтЛ МЛТ┬╚К¤,35.3101,46.3709
нтЛ ¤?ТКС¤Лт,35.9137,47.0267
нтЛ ╠КМў§,25.6577,57.7857
нтЛ ╬Т?,38.5534,44.9397
нтЛ рКЛў,26.8483,56.3712
нтЛ ╩ўК╚,36.4052,47.1156
нтЛ ЛТ¤КС§,27.6183,57.1916
нтЛ ПКЛТЛ,26.2943,54.5109
нтЛ ўТ╬Л¤тЛСљ,,
нтЛ ╠м?Лт тЛсм,27.0593,56.4608
нтЛ ╬с?Л§,26.9501,55.5857
нтЛ ╚С¤Л ╠КМў,25.6577,57.7857
нтЛ ═К╠?Ю┬╚К¤§,,
нтЛ ЂКЛМ?КС,,
нтЛ ўТ╬Л¤,,
нтЛ ╠м?Лт К╚ТсТМ?,,
нтЛ ╚С¤Л рСљт,26.5628,54.8887
нтЛ ╚С¤ЛўСљ,26.6066,54.9447
нтЛ П?С,,
нтЛ с?СК╚,27.1372,57.0675
нтЛ ўТтМ╩ў,26.8067,57.0309
нтЛ ╠СК═,,
нтЛ рКТКС,26.809,53.2719
нтЛ ╚М╩ў§,27.1986,54.3666
нтЛ ¤ЛљтКС,26.9572,56.064
нтЛ ╚нКљЛ¤,26.4581,57.9021
нтЛ КнСТ?т,37.0364,45.0971
нтЛ М?Л?ў,26.5201,57.1072
нтЛ сТсС ┬╚К¤,33.587,49.5204
нтЛ ╬Лс ┬╚К¤,33.4647,48.339
нтЛ ¤ЛТ¤,33.4955,49.0632
нтЛ ¤Л╚ љС╚¤,33.6891,47.1521
нтЛ МЂ?¤ ¤н╩,33.2173,48.8844
нтЛ ╚ЛТ╠Л¤,33.8942,48.767
нтЛ КмСК,33.45,49.4517
нтЛ Кр?љТ¤Лм,33.405,49.6962
нтЛ ўТт¤н╩,33.5275,47.6111
нтЛ СТЛ┬╚К¤,34.0665,47.9763
нтЛ Ђр ¤╬╩Л,33.1454,47.7169
нтЛ Крн╩Л,33.864,48.2642
нтЛ Кн╩Л?СКС,34.0165,48.6414
нтЛ тТ?мт§,31.4673,48.0754
нтЛ ╚С¤Л сКтнтЛ,30.562,49.1727
нтЛ Кс?¤?т§,30.7605,49.7013
нтЛ КС¤?ўК(яр┌т ╬ТК╠т),32.2049,49.4453
нтЛ ┬╚К¤КС,30.3473,48.2934
нтЛ ╚т╚тКС,30.5912,50.2347
нтЛ ╚М╩КС,,
нтЛ КтТКм,31.3183,48.6706
нтЛ тС¤?╠КС,30.2382,49.7065
нтЛ МЛ ╚С¤Л,30.5542,49.0514
нтЛ ╩ЛўКрў?,32.2419,48.8473
нтЛ љ╩ТС¤§,32.2435,48.8096
нтЛ ╬ЛснтЛ,30.4256,48.1891
нтЛ ЛКсн?Л§,30.8957,49.4095
нтЛ яр┌т ╩р,31.634,49.8854
нтЛ сМ╠¤ Мр?сКС,31.9634,49.2892
нтЛ МТМСљЛ¤,31.5567,48.1697
нтЛ ЛКстЛсм,31.2777,49.5993
нтЛ тП╩ўр§,31.4526,49.5255
нтЛ рКр?§,32.3295,49.0943
нтЛ КС¤?снў,32.4538,48.3489
нтЛ Н?¤ТС,33.5571,35.3729
нтЛ ╚К█ Юсрў§,31.526,49.8906
нтЛ ¤мПТр,32.3831,48.4236
нтЛ нТн,32.1958,48.2543
нтЛ нК¤љКС,30.6546,48.6539
нтЛ К?лт,31.824,49.8701
нтЛ нТн╩Л,32.0521,48.8498
нтЛ ¤т¤м,31.7011,50.2946
нтЛ нтЛ КсКс,,
нтЛ ссМС?§,30.1151,51.5413
нтЛ Кяр?¤§,30.9049,52.6921
нтЛ мЛ?С ¤н╩,28.3545,54.4178
нтЛ ўТКЛ§,29.2133,52.6868
нтЛ љЛКн§,27.6904,54.1502
нтЛ ┬╚К¤т,31.1595,52.644
нтЛ ╬КСт мС?КС,29.6714,52.1527
нтЛ С?ЮЛ?м§,29.1893,54.3139
нтЛ ЛМ╩с,,
нтЛ КЛМС╠КС§,29.9197,53.2989
нтЛ МЛТМ╩КС,29.2661,53.2234
нтЛ мКт¤ нтЛ,28.7477,53.8047
нтЛ КМ╩т╚КС§,29.1291,54.0358
нтЛ ╚К╚КсС?Л,30.0705,51.2043
нтЛ ┌рКсЛТ¤н╩,27.6222,53.0002
нтЛ сЛТ¤н╩,29.8787,52.8206
нтЛ ЛКс╠Л¤,30.0741,52.5932
нтЛ с?сС¤,30.2284,55.3766
нтЛ СТЛ┬╚К¤,,
нтЛ ўТтС╠КС,29.2317,52.9559
нтЛ рКЛ,27.6741,54.3358
нтЛ ¤КЛК╚,28.756,54.5547
нтЛ ПМК,28.944,53.6339
нтЛ НПК нтЛ,30.6108,53.1911
нтЛ ╚?Лс,27.4339,53.5149
нтЛ я?Л,28.3559,52.96
нтЛ КТм,27.7564,54.014
нтЛ ПЛКн╚С¤§,28.8543,52.0984
нтЛ П¤Кс?,28.2116,55.1348
нтЛ К?╠,29.0194,54.2457
нтЛ љрт ¤КЛ,27.6561,52.6574
нтЛ нтЛ ╠¤?¤ Н¤ЛК,29.8185,52.4572
нтЛ ╬КТЛКС,35.5572,51.5705
нтЛ Ђр¤н╩§,39.3471,45.0666
нтЛ ╬С╠§,27.8827,53.4284
нтЛ М?¤КС,30.0063,53.0056
нтЛ МрпКС нтЛ,29.6279,53.2325
нтЛ ┬╚К¤т пнў,29.8096,53.7288
нтЛ рЂТк?,29.7978,52.6574
нтЛ ╚КрК¤т,29.2824,51.9395
нтЛ ўКмЛТС§,29.6271,51.6518
нтЛ МЂ?¤КС§,30.2425,51.9924
нтЛ ╠тЛс,28.5177,53.5744
нтЛ сК¤ЛМр?сКС,30.1904,53.1756
нтЛ стЛ§,,
нтЛ рКсЛ¤§,27.3424,53.1804
нтЛ М¤т,,
нтЛ ╠Т?с,28.2603,53.9786
нтЛ П?ЛТм┬╚К¤,28.8395,52.5639
нтЛ ╚ТКСК╩§,30.4856,53.5933
нтЛ ўСљКТЛ,34.5071,47.9565
нтЛ ЂКТт,35.043,46.3553
нтЛ ўЛсКСнКт,34.3277,47.0778
нтЛ ўЛС¤ █Л╚(¤КрКтТ),34.2807,46.2355
нтЛ МСяЛ,34.7779,47.5963
нтЛ тЛМ?С§,34.2719,47.6046
нтЛ ЛТКСМЛ,34.7121,46.6513
нтЛ КМрКс ┬╚К¤ █Л╚,34.1132,46.5279
нтЛ с?КС ЛКтКС,34.5849,47.4454
нтЛ Н═Ст,34.474,47.6948
нтЛ МЛЂр лтК╚,34.4514,45.8612
нтЛ ╠ТКСЛТ¤,34.8063,46.4922
нтЛ ═с?р,,
нтЛ СТ¤нт,35.1809,46.2548
нтЛ Л?╠К╚,34.4803,46.0036
нтЛ љ?рКС█Л╚,34.1397,45.9206
нтЛ ╚?М╩ТС,34.3962,47.4454
нтЛ с┌рс ўрК?т,36.4496,50.4786
нтЛ с═с¤?т,,
нтЛ ямТ?С,36.2737,49.9982
нтЛ ╚Тк?С мтЛК,35.7677,50.0573
нтЛ ўТт?С,36.3716,49.6598
нтЛ Кр╚Лм,35.996,50.9289
нтЛ ╩КўМ╩КС,36.0721,49.7013
нтЛ ┬╚љЛс,35.7599,49.2867
нтЛ ┬Т╠,35.5794,49.2242
нтЛ КМПЛТЛ?С,35.9385,49.7499
нтЛ ЛКмс?КС,36.5421,50.2103
нтЛ ┬╚?ў§,36.0404,50.5446
нтЛ о?К┴ ┬╚К¤,35.9945,49.4477
нтЛ М?Л¤КС,36.6475,49.1911
нтЛ срў ┬╚К¤,35.073,60.9497
нтЛ ╩ТМ,36.4798,59.5095
нтЛ ПЛ?сКС§,35.7018,59.8468
нтЛ ўрК╩§ СК¤Л?,36.9953,59.7531
нтЛ ┌ня ┬╚К¤,37.9601,58.3261
нтЛ МЛ╬М,36.5449,61.152
нтЛ љрсўКС,36.4834,59.1587
нтЛ П?ЛТмт§,36.2806,58.583
нтЛ ЇСКЛКС§,36.6416,59.1214
нтЛ см¤┬ТС¤,36.1576,60.5313
нтЛ М╚мТКЛ,36.2152,57.6678
нтЛ МСљКС,35.8659,51.2403
нтЛ Лн╩╬ТКЛ§,34.9749,59.6247
нтЛ ╠Т?С§,,
нтЛ ╩Л╚╩ ═?¤Л?т,35.2798,59.2161
нтЛ ╩К?╚К¤§,,
нтЛ яТЇКС,37.1293,58.4744
нтЛ ўКнсЛ,35.2434,58.4687
нтЛ ╩Л╚╩ ╠Кс,35.2317,60.6401
нтЛ ╚К╠љ?ЛКС,37.6225,58.4188
нтЛ ¤Лљм,37.4455,59.1099
нтЛ МЛ¤н╩,36.1584,45.476
нтЛ мКТт§,35.2747,59.4678
нтЛ ╚?¤╬╩,34.3423,58.766
нтЛ С?нК╚ТЛ,36.2141,58.7961
нтЛ љСК╚К¤§,34.3396,58.703
нтЛ ╚╠М╩КС,34.5221,58.1722
нтЛ ╬р?р Ю┬╚К¤§,35.2531,58.289
нтЛ П?о ┬╚К¤,37.1017,70.5552
нтЛ ╬ЛТ,36.1611,59.0181
нтЛ ╬ТКП,34.5718,60.1474
нтЛ c,36.3984,59.3081
нтЛ ╚Л¤МўС§,35.2618,57.9731
нтЛ ?ТСМ?,34.8055,58.4398
нтЛ пЛя╚т,36.3115,59.3829
нтЛ С┘Л┬╚К¤§,35.9726,50.6068
нтЛ сКт¤н╩§,35.7309,50.7936
нтЛ тн╩љЛ¤§,35.9614,50.6846
нтЛ ЇтКЛ╚К█§,35.8377,50.8482
нтЛ љЛс¤Лт,35.7583,51.0697
нтЛ пКряКС§,36.1748,50.765
нтЛ Кн╩тКЛ¤§,35.7244,50.3662
нтЛ ┬МКЛК,36.0375,51.1965
нтЛ МКТ╠╚рК█,,
нтЛ ўЛ╠,35.84,50.9391
нтЛ ПЛ¤?М,35.7223,50.9758
нтЛ КнўлЛ,32.0002,54.2075
нтЛ ╩П╩,31.74384,54.20278
нтЛ ╚КПя,31.6216,55.4139
нтЛ ╚тК╚К¤§,31.8716,56.0194
нтЛ КЛ¤ўКС,32.3082,54.0086
нтЛ ┌я¤К,32.4452,53.6421
нтЛ сЛТМ╩,30.4783,54.2129
нтЛ МЛТ,,
нтЛ К╚ЛўТт,31.1304,53.2504
нтЛ С?Л,38.0338,48.0105
нтЛ с?╚¤,32.2487,54.0079
нтЛ стЛ?м,31.5778,54.4452
нтЛ С¤ТнС,32.0246,53.5446
нтЛ тЛК╩,34.3529,62.204
нтЛ Мс?Лс,31.4151,51.5683
нтЛ КПТМ,,
нтЛ ЇК¤љКС§,32.7826,50.6068
нтЛ ят╠КТЛМ╩КС,32.7032,51.8351
нтЛ КСКЛў,33.3045,53.6963
нтЛ ТЛмСт,32.4217,52.6495
нтЛ ╩Т¤нў,32.7224,52.6627
нтЛ ўст,31.0617,51.5952
нтЛ МП?¤ нтЛ,34.1235,51.3549
нтЛ СКк?С,32.8599,53.0878
нтЛ ╬ТЛ Т ╚?К╚КСў,33.889,54.6095
нтЛ Ся¤т,36.9563,45.3878
нтЛ ╚тКЛМ╩КС,32.4969,51.7725
нтЛ С?ў ┬╚К¤,32.305,52.1965
нтЛ ¤КЛКС,32.9943,50.4113
нтЛ ╚К¤ЛТ¤,33.6912,52.0083
нтЛ с╚КЛўт,32.3477,51.4992
нтЛ С?КМЛ,33.9797,51.1533
нтЛ ┌МљЛКС,32.8657,50.8521
нтЛ КЛ¤М╩КС,33.3839,52.3773
нтЛ К╚Тм?¤ ┬╚К¤,33.9005,51.7625
нтЛ ╚Л╬ТКЛ,,
нтЛ ╬ТКСМКЛ,33.2812,50.3172
нтЛ ТЛСКс╬ТКМ╩,32.3558,51.3811
нтЛ ┬ЛКС Т ╚?¤љр,34.0625,51.4782
нтЛ љрЂК?љКС,33.4572,50.2708
нтЛ ╩?ЛКС,32.7015,51.1559
нтЛ ╬ТЛмТя,32.7764,51.6465
нтЛ ╬с?С? нтЛ,32.6933,51.536
нтЛ ╚Тк?С Т с?КС¤н╩,33.0817,50.1601
нтЛ ПТрК¤ нтЛ,32.4803,51.3995
нтЛ рС╠КС,32.475,51.3051
нтЛ нКт?С нтЛ,32.8797,51.5466
нтЛ ¤тя,33.1077,50.955
нтЛ ўТтЂК?т,32.7018,52.4572
нтЛ мК?С¤т ЛТ¤,32.3896,51.2684
нтЛ љм,,
нтЛ ╚Лмў,33.7922,51.2292
нтЛ ПЛ?¤ТСнтЛ§,32.9401,50.1241
нтЛ С╠ПЮ┬╚К¤§,32.6324,51.368
нтЛ Ђ?Л ╚ўЛКС,32.4688,51.5577
нтЛ ¤КсСт,33.0172,50.4903
нтЛ ЇЛст?С,32.3389,51.1951
нтЛ ўКнКС,33.985,51.41
нтЛ ╠С¤я,34.0417,54.4151
нтЛ СпСм,33.5133,51.9131
нтЛ ясНЛ,33.7485,51.4257
нтЛ ТмТКС,33.4182,51.1821
нтЛ нтЛоК,32.0081,51.8628
нтЛ ¤Тр╩ ┬╚К¤,32.805,51.6992
нтЛ с═с¤ ┬╚К¤,,
нтЛ с?ст,33.4476,51.1716
нтЛ тЛ?М,38.2469,47.1168
нтЛ сЛС¤,38.4278,45.7621
нтЛ ТЛмяКС§,38.5081,46.6575
нтЛ ╩?ўст ¤Кн,37.7258,46.9376
нтЛ стЛ╚КС,,
нтЛ ╩МТ╠,38.3183,45.3501
нтЛ ┬лЛнтЛ,37.7443,45.9872
нтЛ ╬сКЛрТ,39.1579,47.0313
нтЛ ┌╠╚Ю н?Л,37.4788,45.8929
нтЛ ╬КЛТКСК,38.6842,46.17
нтЛ КМўТ,37.9152,46.1199
нтЛ тК¤?нтЛ,38.8265,45.6679
нтЛ ╬КсСт,38.1904,45.6383
нтЛ яЛт ┬█К╠,37.1287,46.9759
нтЛ ╩Лў,,
нтЛ МЛК╚,37.9429,47.5384
нтЛ мСТм,38.5899,45.8303
нтЛ М?т Їнст (ЇКр¤ЛКС),39.065,44.3845
нтЛ ╠рПК,38.8055,45.8091
нтЛ ╩ЛўсКСЇК?,37.5811,47.3897
нтЛ ╚СК╚,37.3446,46.0565
нтЛ тн╩ЛТ¤§,37.4758,47.0505
нтЛ ўрТКСя,38.1019,46.9954
нтЛ МЛ¤ЛТ¤,38.0255,46.1525
нтЛ срўКС,37.1429,46.1043
нтЛ КтЛ,38.4894,47.0684
нтЛ НТП?КС,38.2794,45.9844
нтЛ с?КСт,37.4264,47.7241
нтЛ сЛК█т,37.3892,46.2534
нтЛ ЇКЛКТ?сКя,37.1299,47.0246
нтЛ М?т ЛТ¤,38.8702,46.0028
нтЛ К?р╬Ї?,37.9459,45.9719
нтЛ ┬яўС¤,37.2568,48.0648
нтЛ ╚М╩КСЮ┬╚К¤,37.8431,46.8304
нтЛ н╚М╩Л§,38.1802,45.7079
нтЛ љТљКС,37.781,45.909
нтЛ ўр?╚Л,38.8642,47.0405
нтЛ ╬МЛТнКт,37.9642,46.0517
нтЛ тЛ?М н╚М╩Л,38.259,45.5332
нтЛ нЛП╬КСт,38.1817,45.4886
нтЛ нКтЛТ¤,36.4062,55.0163
нтЛ ст¤?ЮнтЛ,35.703,53.342
нтЛ ¤Кс█КС,36.1646,54.3576
нтЛ ўрК╩т срК,36.2688,54.7275
нтЛ с╠С,36.4801,54.6465
нтЛ нтс?ЛмК¤,35.7729,53.3277
нтЛ с?Кс?§,36.4126,55.6495
нтЛ ┬ЛК¤КС§,35.2472,52.4921
нтЛ К?ТКСў?,35.345,52.0666
нтЛ МсСКС,35.2256,54.4342
нтЛ љЛсМКЛ,35.2031,52.3294
нтЛ МЛ╬т,35.4677,53.2127
нтЛ ЛТ?КС,,
нтЛ Сн╩КЛТ¤§,36.7499,51.0149
нтЛ ў╩Крс Т МК¤К╩ нтЛ,36.8774,50.7261
нтЛ ┌╚КМ К╚К¤,36.7241,51.1141
нтЛ с═сТ¤┬╚К¤,36.6329,52.2667
нтЛ ╚тнтЛ,36.6953,53.5365
нтЛ ЛМ╩сўрК,36.6812,53.4176
нтЛ ў╠ТЛ,36.3819,51.7282
нтЛ ўрКЛ┬╚К¤,36.6859,51.2475
нтЛ Ђр МП?¤,36.1167,53.0553
нтЛ ╚К╚рМЛ,36.7049,52.6547
нтЛ ┬ср,36.4676,52.3507
нтЛ Л?Ст,35.8812,52.1687
нтЛ сЛмС ┬╚К¤,36.4494,51.2972
нтЛ МТК¤ ўТт,32.5222,50.2572
нтЛ ╬р?р нтЛ,36.7021,53.6421
нтЛ с?КС¤Т┬╚,36.9595,46.1054
нтЛ яКкс нтЛ,36.4684,52.8634
нтЛ м?Л┬╚,36.1777,52.9734
нтЛ ЂрТЛ,35.8472,52.048
нтЛ нКт?СЮ ¤ј,36.6741,46.5701
нтЛ СТнтЛ,36.6494,51.4887
нтЛ ПЛ?с,,
нтЛ ┬рКн╩,36.0665,52.8339
нтЛ МрсКС нтЛ,36.7025,51.1951
нтЛ ЇсМ╩КС,36.482,52.1196
нтЛ ў?КМЛ,36.2392,53.5422
нтЛ Кс?Л ўрК,36.5971,52.6654
нтЛ ЛКсМЛ,36.9268,50.6431
нтЛ ╚р¤т,36.1988,51.8061
нтЛ ПЛ?¤ТС ўСКЛ,36.6858,52.5265
нтЛ ў?КўрК (М?сЛ█),36.583,52.8125
нтЛ СТЛ,,
нтЛ н?ЛљКт,36.2969,52.8875
нтЛ ўрКЛ¤н╩,36.4902,51.1426
нтЛ ╠Т?╚КЛ,36.6454,52.901
нтЛ љрТљКт§,36.7284,53.8102
нтЛ К?м¤нтЛ§,36.5944,52.1286
нтЛ СўК,36.6483,53.2989
нтЛ ╚тСс?Л,36.6694,52.7616
нтЛ ╚К╚р,36.5387,52.6765
нтЛ сКўТ,39.2956,44.5142
нтЛ мЛС¤,30.8166,56.5729
нтЛ ЛПМС╠КС,30.3549,56.0027
нтЛ нтЛ ╚К╚ў,30.1172,55.121
нтЛ К╬╩?КЛ ┬╚К¤,30.3261,56.9183
нтЛ КЛмТк?т,28.4582,56.3628
нтЛ ЛКТЛ§,31.2682,56.7974
нтЛ М?Л╠КС,29.4587,55.6714
нтЛ ┌С╚Л┬╚К¤,28.473,57.8424
нтЛ ╚с,29.0985,58.3375
нтЛ ╚ТўКС,36.5187,46.2094
нтЛ ўтСТ╠,28.025,57.746
нтЛ ╚Л¤М?Л§,29.9385,56.5729
нтЛ ╠ТЂКЛ,30.0568,57.1182
нтЛ тСмК,29.3005,57.1886
нтЛ Ї╩ЛТ¤,30.6041,56.9155
нтЛ сСТ╠КС§,27.4476,57.5052
нтЛ КС¤Тт╠Л¤,30.2359,57.7545
нтЛ ╚КП╩,29.233,56.6009
нтЛ ╠?ЛП╩§,28.6751,57.7372
нтЛ т╠¤ў,30.7595,56.9901
нтЛ љр╚КП,29.8857,57.7289
нтЛ мСљ? ┬╚К¤,30.4098,56.9155
нтЛ ўТт╚СКС§,31.4126,56.2801
нтЛ ╚К█?С,30.1865,56.8142
нтЛ ЛК╚Л,29.2919,56.9127
нтЛ нт¤К¤,30.4158,57.7063
нтЛ ЛК?С,29.5913,57.4458
нтЛ сКтКС,30.063,57.2875
нтЛ ╚мС╠КС,29.2477,56.6991
нтЛ яр┌т љС╠,27.5277,57.8651
нтЛ с?СТ¤н╩,37.2292,55.3724
нтЛ љКр?ўн§,37.2697,55.4305
нтЛ ┬яЮярК§,37.0141,54.4506
нтЛ СТ¤т ╬КС¤Тм,37.0758,55.2632
нтЛ МЛ╬СўрК╩т,,
нтЛ ╬КС ╚╚?С,37.0086,54.9887
нтЛ К?СЇт ╚ЛТС,37.4551,54.7206
нтЛ ЛКс?КС,37.0147,55.1403
нтЛ сЛКТтЮ╩Ђт§,37.9022,55.9554
нтЛ ╚С¤Л ╩ЛўсС,36.898,54.0739
нтЛ ┬мК¤нтЛ,37.0839,55.1707
нтЛ ПКор ┬╚К¤,36.8985,54.7467
нтЛ МрсКМ§,38.2021,44.7706
нтЛ љс?нКС§,37.0701,54.0766
нтЛ љС╚¤ ўКТТМ,37.2407,55.1597
нтЛ ўЛ¤ўТ?,36.7941,54.1103
нтЛ ўрКрт§,37.3833,55.5026
нтЛ ╚С¤Л љм,36.775,53.9462
нтЛ ┌р? ┬╚К¤ ў╩Тр,36.9074,54.8566
нтЛ СТўС¤т,36.7321,53.9215
нтЛ яНЛ яС¤,26.2235,60.7505
нтЛ СљТЛ,25.3893,61.1374
нтЛ с?Л╠КТт,29.0162,61.4494
нтЛ ¤зрљКС§,27.6077,59.4721
нтЛ МЛ╚Км§,26.6329,61.2583
нтЛ МЛКТКС§,27.3526,62.3448
нтЛ ╬Кн,28.2314,61.1928
нтЛ мтў,30.8908,61.6801
нтЛ ўСКЛў§,25.4039,60.3733
нтЛ ╚мсКС,27.854,60.1792
нтЛ С?ўнтЛ,26.2351,60.2284
нтЛ мКт¤КС,29.4519,60.8842
нтЛ К?ЛКСнтЛ,27.2012,60.6866
нтЛ мК╚р,31.0324,61.4902
нтЛ СТў ┬╚К¤,28.5386,60.7592
нтЛ ╚сЂТЛ,27.1974,60.4602
нтЛ с?Л┬╚К¤,36.4071,45.371
нтЛ мС╠КС,36.683,48.5087
нтЛ К╚тЛ,36.1525,49.2385
нтЛ мЛ?С ЛТ¤,35.7611,48.4762
нтЛ М╠КМ,36.2401,48.5512
нтЛ пКЛс§,28.1804,55.7453
нтЛ ¤С¤?,36.5523,47.6125
нтЛ ╬¤К╚С¤т (я?¤КЛ),,
нтЛ НКк?С яр┌т,36.3035,49.0767
нтЛ љЛсК╚,35.8467,48.1971
нтЛ МрпКС?т,36.4358,48.792
нтЛ ┬╚ ╚Л,36.9285,48.948
нтЛ КЛс█КС╬КСт,36.9759,48.3698
нтЛ С?ў Ђ?,36.8481,48.1764
нтЛ сКтЮСнКС§,36.7421,47.6721
нтЛ ЇТЛмя,36.9976,48.7787
нтЛ ╬Лс¤Лт§,36.2109,49.193
нтЛ ¤н╩ў,30.2912,52.4692
нтЛ сКр ╬р?Пт,31.2907,51.2593
нтЛ МТЛн╠КС,32.3172,50.6716
нтЛ рЛ¤љКС,31.5166,50.8144
нтЛ нрсмКЛ,32.0454,50.8157
нтЛ нтЛ ўЛ¤,32.3282,50.8769
нтЛ ЇрљЛ¤,32.4626,50.1292
нтЛ љС¤сКС,31.8646,51.1559
нтЛ МКсКС,,
нтЛ Їр?Їт,32.2316,50.6281
нтЛ ╚ЛТ╠С,31.9798,51.2946
нтЛ ¤М╩СК┴,,
нтЛ тПн╠КС,32.2253,50.7933
нтЛ ПЛ╬ нтЛ,32.2705,50.981
нтЛ КЛ¤р,31.9947,50.6483
нтЛ ПКЛМКС,32.2582,50.5705
нтЛ ўТтЛСљ,,
нтЛ ╚С,,
нтЛ љСКТт§,29.5692,50.5239
нтЛ ¤?рс§,30.059,50.1678
нтЛ ¤ТЛКтў,27.9473,51.9593
нтЛ ╚С¤Л ўСљКС,27.837,52.0645
нтЛ ┌Кр? нтЛ,28.9317,51.0697
нтЛ ¤рТКЛ,28.7546,51.0697
нтЛ н╚КСўКЛт,28.9066,52.7603
нтЛ ╩Сљ КЛс,29.1523,51.5268
нтЛ ╚ТнтЛ,28.9234,50.8203
нтЛ ╬ТЛсТ╠,28.6556,51.3795
нтЛ ¤н╩?§ КМсК┌?р ╬ТКС?,29.2871,50.9595
нтЛ КтЛс,,
нтЛ ╚ТнўКС,28.828,51.7002
нтЛ ╚С¤Л ¤?Л,27.8459,51.9421
нтЛ ╬КЛў,29.2457,50.3121
нтЛ М?ЛКП,27.6704,52.3374
нтЛ ╠с,,
нтЛ ┌МрТ?т,27.4721,52.6146
нтЛ ╚ЛКм╠КС,29.2673,51.2318
нтЛ М┌¤ ┬╚К¤,35.8158,51.4237
нтЛ яКкСК╩,33.5815,60.0259
нтЛ ПЛ¤ТМ,34.0228,58.1722
нтЛ МЛК?КС,33.8597,58.5144
нтЛ ╬ТМП§§§,32.7811,58.892
нтЛ п╚М,33.6033,56.9324
нтЛ Ст╚С¤КС,31.5123,59.6564
нтЛ ╚?Л╠С¤,32.8649,59.2262
нтЛ КМП¤С,33.6456,59.7805
нтЛ ¤Лс?КС,33.0339,60.1185
нтЛ ═К╠? ┬╚К¤,28.311,55.9025
нтЛ МЛ╚?нт,32.5777,59.7978
нтЛ яКкС,33.7227,59.1788
нтЛ ╚нЛТ?т,33.8625,57.426
нтЛ ¤?тТў,33.2921,57.5108
нтЛ ╬оЛ? ¤н╩ ╚?Ко,34.0223,58.8146
нтЛ ╚╠СТЛ¤,37.4702,57.3143
нтЛ ПКЛТ╠§,37.2318,58.2178
нтЛ љЛст,36.9994,56.3041
нтЛ ┬н╬КСт,37.5544,56.9267
нтЛ сКСт Т МсряКС,37.6621,56.7412
нтЛ ╠К╠Лс§,36.9636,56.3712
нтЛ н?ЛТКС,37.4092,57.9276
нтЛ КМПЛК?С,37.0667,57.4967
нтЛ М? М╬╩,30.86,51.4546
нтЛ љЇМКЛКС (¤ТљС╚¤КС),30.366,50.7936
нтЛ ЇЛКс,30.7523,50.7469
нтЛ ЂК╩КТт,30.9574,51.2645
нтЛ рС¤т,30.979,50.4179
нтЛ ╚Кн╩,30.3619,51.1612
нтЛ сКЛљТС,30.992,51.0815
нтЛ љЛК╚ МПр?,,
нтЛ МТя,,
нтЛ ¤?нсТў,31.2994,50.4011
нтЛ ?КМТ╠,30.6684,51.5875
нтЛ ¤т¤н╩,30.7856,50.5705
нтЛ МЛПКЛ?К╚,30.8073,50.8495
нтЛ р?ўў,30.8937,50.0932
нтЛ ўс?╠КС,34.7112,49.3349
нтЛ нКмС¤,33.9346,49.4009
нтЛ СТ╚ЛКС,35.1314,49.709
нтЛ ПЛКтКС,32.0374,48.014
нтЛ КЛКў,34.0954,49.7013
нтЛ ╩ТЛт,34.0445,49.2879
нтЛ СЛКя,34.0102,50.8378
нтЛ ¤р?╠КС,33.9923,50.6846
нтЛ ╬с?С,33.6406,50.0771
нтЛ ╬С¤К╚§,34.3917,49.1904
нтЛ ╩ПЛн§,34.6981,50.0136
нтЛ МКТт,35.0236,50.3585
нтЛ ┬н╩?КС,34.5204,50.0059
нтЛ ПЛст?С,34.4945,49.686
нтЛ █Ля ┬╚К¤,35.1063,49.8317
нтЛ С?сТЛ,33.8863,50.5731
нтЛ с═рК╩,33.9086,50.4553
нтЛ ЛмС§,35.3914,49.0337
нтЛ ПКсС?С,35.1134,48.9757
нтЛ ятКТС¤,34.8586,48.9984
нтЛ рКр╠?С,34.9737,48.4762
нтЛ ╩Т?МЛўКС,34.5498,48.4537
нтЛ срК?Л,34.302,48.8146
нтЛ КМ¤┬╚К¤,34.7789,48.125
нтЛ ПЛМП╠,34.4857,48.2854
нтЛ ў╚Т¤Л┬тСљ,35.2113,48.7242
нтЛ СтКТС¤,34.1883,48.3689
нтЛ ┌р? ┬╚К¤ ¤ся,34.5278,48.6063
нтЛ сЛ?КС╠,34.8302,48.4612
нтЛ љр ╩Ђт,37.8888,45.0421
нтЛ МЛўКС,34.5995,48.4462
нтЛ ╚тКЛ§,,
нтЛ тс¤КС,34.7989,48.515
нтЛ ╠ТЛяКС,34.8859,48.5512
нтЛ ╠ТўКЛ,34.4319,48.6865
нтЛ н?Л?С МТ,35.4919,48.4512
нтЛ НКр═ ┬╚К¤,35.5052,51.1925
нтЛ ЛТ¤МЛ,37.1378,50.2836
нтЛ Ксрн§,37.0916,50.1869
нтЛ рн╩ СнК¤,,
нтЛ Їс╬Крт,37.2304,50.2579
нтЛ ╩Крн,37.8016,48.9073
нтЛ рСљЛТ¤,37.1878,50.1575
нтЛ ╚КмКЛ╠с┌т,,
нтЛ ЛоТКСнтЛ,37.5647,49.1472
нтЛ сКМКр,37.3621,49.1315
нтЛ ╚Лт МЛ,36.774,49.755
нтЛ рТнКС,36.6294,49.514
нтЛ НТс┌тЮМЛК,37.3049,49.3178
нтЛ тн╩ЂЛ§,37.8016,48.9073
нтЛ сКМТрт,37.1603,48.9923
нтЛ ╠?ЛС¤т,36.7036,49.7882
нтЛ ЇК╚ўМЛ,36.9761,50.5602
нтЛ ═Т?я,38.1598,48.8774
нтЛ ў?КнтЛ,37.422,49.9495
нтЛ ЇКП,,
нтЛ ┬М╩КСт КнЛП?т,37.2598,49.9437
нтЛ нП╩,,
нтЛ ЛТ¤╚КЛ,36.8097,49.4161
нтЛ ТК╠КЛљКт,37.0388,50.4035
нтЛ КМКрс,37.7167,48.9596
нтЛ сС╠?р,36.7399,49.411
нтЛ р?МКЛ,37.9569,48.9071
нтЛ ╚С¤ЛКСмр?,37.4639,49.4799
нтЛ ╬сКс,37.3913,49.6588
нтЛ М?Ктўр,37.1482,49.8803
нтЛ рКт?╠КС,37.2071,50.0034
нтЛ рТС¤Т?р,38.3077,48.8686
нтЛ ПТсС,37.2204,49.3095
нтЛ ЂЛт МЛ,37.6018,49.0672
нтЛ МСљЛ,,
нтЛ ┬М╩КЛК,38.4225,48.8687
нтЛ ¤?рсКС,36.886,49.9085
нтЛ ўрКЇКк,37.0775,50.3972
нтЛ ╬нў╚?╠КЛ,37.3855,49.7556
нтЛ нТп,,
нтЛ Л═?с ┬╚К¤,37.0279,50.3503
нтЛ ┬╚? ╚?љрТ,38.2848,48.5521
нтЛ ╚?ртЮ МТКЛ,39.3823,48.3502
нтЛ,,
нтЛ снљ?С ЮнтЛ,38.3948,47.6648
нтЛ љ?Т?,37.6854,48.3413
нтЛ љЛс?,,
нтЛ Сс?С,38.4245,48.4782
нтЛ КНрКС¤Тм,39.4415,47.4112
нтЛ МЛ┌?С,38.1431,48.0678
нтЛ ╬р╬Кр,37.6205,48.533
нтЛ ЂКЛМЮ ┬╚К¤§,39.6208,47.9051
нтЛ т?Л,36.5955,50.2599
нтЛ рКтЛТ¤,38.507,47.8298
нтЛ ┌С╚ЛКС,38.4899,48.4333
нтЛ С?Л§,38.0338,48.0105
нтЛ ўТ╦Л,,
нтЛ ўрТЛ,37.3937,48.73
нтЛ Ђ?ЛКСнтЛ,36.695,45.1446
нтЛ ўТЛКк?с,,
нтЛ Ло?,38.6256,48.0916
нтЛ ╩Кмт ўС¤ КСљТ╩,39.0433,47.7426
нтЛ срўнКт?§,,
нтЛ К?ТКС,,
нтЛ ЇТКЛ,33.696,46.2989
нтЛ Ђтрт,33.0106,46.8822
нтЛ ¤трЛКС,32.6922,47.268
нтЛ КЛўТКм,33.3924,46.5885
нтЛ стЛКС§,33.1177,46.1733
нтЛ ┬╚¤КСКС,32.9886,47.4245
нтЛ ¤Лт нтЛ,33.1439,47.3829
нтЛ ╚¤Лт,33.3045,47.0364
нтЛ с?ст,33.4476,51.1716
нтЛ ЇЛ¤КТр,33.6938,46.7478
нтЛ К?рКс,33.635,46.4153
нтЛ МЛК╚рт,33.766,46.5692
нтЛ НКр═ ┬╚К¤,35.5052,51.1925
нтЛ сТЛсТЛ?,32.7266,47.6775
нтЛ ┬МсКС ┬╚К¤,33.8509,46.4625
нтЛ НПК¤н╩,,
нтЛ ЛТ¤тС,35.7307,51.9104
нтЛ ╚КяЛнтЛ,35.5306,51.4073
нтЛ нКт¤нтЛ,35.5724,51.088
нтЛ нтЛ?КЛ,35.6707,51.0228
нтЛ срКЛ¤§,35.6575,50.9762
нтЛ Пнс,35.9396,51.5282
нтЛ СМ?с нтЛ,35.5636,51.1585
нтЛ нс?ЛКСК╩§,35.9548,51.5992
нтЛ ┬╚МЛ¤,35.6205,52.1554
нтЛ нтЛў ЂЛ¤?М,35.7417,51.7808
нтЛ ═МС ┬╚К¤,,
нтЛ Ђ?нТК§,35.3078,51.7309
нтЛ яЛЇў,35.4367,51.5724
нтЛ ¤сКТС¤,35.9548,52.11
нтЛ ╠К╠ЛТ¤,35.7507,51.6979
нтЛ ўтЛ?мў,35.5174,51.3601
нтЛ КМрКс нтЛ,35.5446,51.2302
нтЛ ў?рКС,35.5555,52.1594
нтЛ П?ЛТмўТт,35.755,52.7724
нтЛ ┬╚┌р?,35.763,51.966
нтЛ нснў,36.0101,51.49
нтЛ Л╚Кп ўЛ?с,35.4714,51.0854
нтЛ рТКМКСК╩,35.8203,51.6255
нтЛ СН?Л нтЛ,35.4893,51.1416
нтЛ нтЛ ╠¤?¤ ЂЛС¤,35.5006,50.9185
нтЛ ТЛКс?С,35.3252,51.6472
нтЛ ╚ТстС,35.7336,51.8681
нтЛ Л?,35.577,51.4625
,,
